﻿Columns in the final report,Columns in base tables,Logic
cpnt_typ_id,"pa_stud_qual_cpnt-cpnt_typ_id
+
pv_stud_course-cpnt_typ_id","Through  pa_stud_qual_cpnt.compl_dte and row_num, find records of unfinished course progress information for retrieved students"
cpnt_id,"pa_stud_qual_cpnt-cpnt_id
+
pv_stud_course-cpnt_id",Same with the 1th column
rev_dte,"pa_stud_qual_cpnt-rev_dte
+
pv_stud_course-rev_dte",Same with the 1th column
req_dte,"pa_stud_qual_cpnt-req_dte
+
pv_stud_course-req_dte",Same with the 1th column
cpnt_title,pv_course-cpnt_title,"Through the fields pa_stud_qual_cpnt.cpnt_typ_id, pa_stud_qual_cpnt.cpnt_id, pa_stud_qual_cpnt.rev_dte, find the corresponding course name in the table pv_course"
rtyp_desc,pa_rqmt_type-rtyp_desc,"Through the field pa_stud_qual_cpnt.rtyp_id , retrieve the corresponding description information in the table pa_rqmt_type "
preferred_timezone,‘’（input）,Input information
row_num,Row_number (),"Obtain the order by partitioning cpnt_typ_id, cpnt_id, rev_dte and then sorting"
