{"cells":[{"position":{"x":-1174.65,"y":1182.75},"size":{"width":390,"height":210},"attrs":{"body":{"fill":"#eeeeee"},"buttonSign":{"d":"M 2 5 8 5"},"label":{"fill":"#111111","text":"Get the latest course progress of \nstudents","fontFamily":"Courier New","fontSize":14},"rect":{"fill":"#eeeeee","stroke":"#000000","strokeDasharray":0}},"shape":"group-node","ports":{"groups":{"top":{"attrs":{"circle":{"r":4.6,"magnet":true,"stroke":"#1589FF","strokeWidth":1,"fill":"#fff"}},"position":"top"},"left":{"attrs":{"circle":{"r":4.6,"magnet":true,"stroke":"#1589FF","strokeWidth":1,"fill":"#fff"}},"position":"left"},"right":{"attrs":{"circle":{"r":4.6,"magnet":true,"stroke":"#1589FF","strokeWidth":1,"fill":"#fff"}},"position":"right"},"bottom":{"attrs":{"circle":{"r":4.6,"magnet":true,"stroke":"#1589FF","strokeWidth":1,"fill":"#fff"}},"position":"bottom"}},"items":[{"id":"top1","group":"top"},{"id":"top2","group":"top"},{"id":"top3","group":"top"},{"id":"bottom1","group":"bottom"},{"id":"bottom2","group":"bottom"},{"id":"bottom3","group":"bottom"},{"id":"left1","group":"left"},{"id":"right1","group":"right"}]},"id":"60260bef-6445-4b4e-94f0-c0b61b6759fa","zIndex":-3,"children":["c3a0ea57-8137-43bf-b96c-c6f7259eb654"]},{"position":{"x":-1179.65,"y":860.0000000000001},"size":{"width":400,"height":220},"attrs":{"body":{"fill":"#eeeeee"},"buttonSign":{"d":"M 2 5 8 5"},"label":{"fill":"#111111","text":"Get the course progress of students \nwho did not  complete the course \nPartition sort mark as row_num","fontFamily":"Courier New","fontSize":14},"rect":{"fill":"#eeeeee","stroke":"#000000","strokeDasharray":0}},"shape":"group-node","ports":{"groups":{"top":{"attrs":{"circle":{"r":4.6,"magnet":true,"stroke":"#1589FF","strokeWidth":1,"fill":"#fff"}},"position":"top"},"left":{"attrs":{"circle":{"r":4.6,"magnet":true,"stroke":"#1589FF","strokeWidth":1,"fill":"#fff"}},"position":"left"},"right":{"attrs":{"circle":{"r":4.6,"magnet":true,"stroke":"#1589FF","strokeWidth":1,"fill":"#fff"}},"position":"right"},"bottom":{"attrs":{"circle":{"r":4.6,"magnet":true,"stroke":"#1589FF","strokeWidth":1,"fill":"#fff"}},"position":"bottom"}},"items":[{"id":"top1","group":"top"},{"id":"top2","group":"top"},{"id":"top3","group":"top"},{"id":"bottom1","group":"bottom"},{"id":"bottom2","group":"bottom"},{"id":"bottom3","group":"bottom"},{"id":"left1","group":"left"},{"id":"right1","group":"right"}]},"id":"3ae53e90-dd56-452c-93e9-e5891c95472d","zIndex":-2,"children":["193fcdca-503d-49a7-a41e-4efd27425cf6"]},{"position":{"x":-1520,"y":149},"size":{"width":1080.7,"height":559},"attrs":{"body":{"fill":"#eeeeee"},"buttonSign":{"d":"M 2 5 8 5"},"label":{"fill":"#111111","text":"UNION  data","fontFamily":"Courier New","fontSize":14},"rect":{"fill":"#eeeeee","stroke":"#000000","strokeDasharray":0}},"shape":"group-node","ports":{"groups":{"top":{"attrs":{"circle":{"r":4.6,"magnet":true,"stroke":"#1589FF","strokeWidth":1,"fill":"#fff"}},"position":"top"},"left":{"attrs":{"circle":{"r":4.6,"magnet":true,"stroke":"#1589FF","strokeWidth":1,"fill":"#fff"}},"position":"left"},"right":{"attrs":{"circle":{"r":4.6,"magnet":true,"stroke":"#1589FF","strokeWidth":1,"fill":"#fff"}},"position":"right"},"bottom":{"attrs":{"circle":{"r":4.6,"magnet":true,"stroke":"#1589FF","strokeWidth":1,"fill":"#fff"}},"position":"bottom"}},"items":[{"id":"top1","group":"top"},{"id":"top2","group":"top"},{"id":"top3","group":"top"},{"id":"bottom1","group":"bottom"},{"id":"bottom2","group":"bottom"},{"id":"bottom3","group":"bottom"},{"id":"left1","group":"left"},{"id":"right1","group":"right"}]},"id":"c3efd091-0032-40d5-bed7-3e95d22a4f79","zIndex":-1,"children":["9f45cdde-f262-48e8-9e0f-4fa496d62f28","602c0dc7-0da3-4376-b6b5-f328dfe2e9c3"]},{"position":{"x":-919.3,"y":218.25},"size":{"width":450.70000000000005,"height":440.5},"attrs":{"body":{"fill":"#eeeeee"},"buttonSign":{"d":"M 2 5 8 5"},"label":{"fill":"#111111","text":"Get the student and course information \nwhich the student not complete course","fontFamily":"Courier New","fontSize":14},"rect":{"fill":"#eeeeee","stroke":"#000000","strokeDasharray":0}},"shape":"group-node","ports":{"groups":{"top":{"attrs":{"circle":{"r":4.6,"magnet":true,"stroke":"#1589FF","strokeWidth":1,"fill":"#fff"}},"position":"top"},"left":{"attrs":{"circle":{"r":4.6,"magnet":true,"stroke":"#1589FF","strokeWidth":1,"fill":"#fff"}},"position":"left"},"right":{"attrs":{"circle":{"r":4.6,"magnet":true,"stroke":"#1589FF","strokeWidth":1,"fill":"#fff"}},"position":"right"},"bottom":{"attrs":{"circle":{"r":4.6,"magnet":true,"stroke":"#1589FF","strokeWidth":1,"fill":"#fff"}},"position":"bottom"}},"items":[{"id":"top1","group":"top"},{"id":"top2","group":"top"},{"id":"top3","group":"top"},{"id":"bottom1","group":"bottom"},{"id":"bottom2","group":"bottom"},{"id":"bottom3","group":"bottom"},{"id":"left1","group":"left"},{"id":"right1","group":"right"}]},"id":"602c0dc7-0da3-4376-b6b5-f328dfe2e9c3","zIndex":0,"children":["3a3ceee5-9b3c-4e57-b9dc-1bdd92f1a130","6c0bf1fc-edc8-4eac-ae8c-37f2578f5ed6","4df8d7f1-a442-4f40-8815-4d05b27b9bae"],"parent":"c3efd091-0032-40d5-bed7-3e95d22a4f79"},{"position":{"x":-1510,"y":179},"size":{"width":430.70000000000005,"height":519},"attrs":{"body":{"fill":"#eeeeee"},"buttonSign":{"d":"M 2 5 8 5"},"label":{"fill":"#111111","text":"Get the student and course information \nwhich the student not complete course","fontFamily":"Courier New","fontSize":14},"rect":{"fill":"#eeeeee","stroke":"#000000","strokeDasharray":0}},"shape":"group-node","ports":{"groups":{"top":{"attrs":{"circle":{"r":4.6,"magnet":true,"stroke":"#1589FF","strokeWidth":1,"fill":"#fff"}},"position":"top"},"left":{"attrs":{"circle":{"r":4.6,"magnet":true,"stroke":"#1589FF","strokeWidth":1,"fill":"#fff"}},"position":"left"},"right":{"attrs":{"circle":{"r":4.6,"magnet":true,"stroke":"#1589FF","strokeWidth":1,"fill":"#fff"}},"position":"right"},"bottom":{"attrs":{"circle":{"r":4.6,"magnet":true,"stroke":"#1589FF","strokeWidth":1,"fill":"#fff"}},"position":"bottom"}},"items":[{"id":"top1","group":"top"},{"id":"top2","group":"top"},{"id":"top3","group":"top"},{"id":"bottom1","group":"bottom"},{"id":"bottom2","group":"bottom"},{"id":"bottom3","group":"bottom"},{"id":"left1","group":"left"},{"id":"right1","group":"right"}]},"id":"9f45cdde-f262-48e8-9e0f-4fa496d62f28","zIndex":1,"children":["af833ae9-f59a-4578-b416-a0ea4da357ae","85fac36c-1849-44e9-a8ce-bc6a7d64cf35","8dc58252-0462-4294-8e24-8a7b1257e678"],"parent":"c3efd091-0032-40d5-bed7-3e95d22a4f79"},{"position":{"x":-1441.1,"y":249},"size":{"width":277.2,"height":204},"attrs":{"body":{"stroke":"#000000","strokeDasharray":0},"rank":{"refY":0.04411764705882353,"text":"pa_stud_qual_cpnt","wordSpacing":"-1px","letterSpacing":0},"name":{"refY":0.1568627450980392,"text":"stud_id = '' \nAND\n(sqc.compl_dte IS NULL \nOR \ncurrent_date > sqc.exp_dte \nOR \nsqc.retrng_int > 0)","letterSpacing":0},"show":{"refY":0.6813725490196079,"text":"cpnt_typ_id\ncpnt_id\nrev_dte\nreq_dte","letterSpacing":0}},"shape":"subquery-node","ports":{"groups":{"top":{"attrs":{"circle":{"r":4.6,"magnet":true,"stroke":"#1589FF","strokeWidth":1,"fill":"#fff"}},"position":"top"},"left":{"attrs":{"circle":{"r":4.6,"magnet":true,"stroke":"#1589FF","strokeWidth":1,"fill":"#fff"}},"position":"left"},"right":{"attrs":{"circle":{"r":4.6,"magnet":true,"stroke":"#1589FF","strokeWidth":1,"fill":"#fff"}},"position":"right"},"bottom":{"attrs":{"circle":{"r":4.6,"magnet":true,"stroke":"#1589FF","strokeWidth":1,"fill":"#fff"}},"position":"bottom"}},"items":[{"id":"top1","group":"top"},{"id":"top2","group":"top"},{"id":"top3","group":"top"},{"id":"bottom1","group":"bottom"},{"id":"bottom2","group":"bottom"},{"id":"bottom3","group":"bottom"},{"id":"left1","group":"left"},{"id":"right1","group":"right"}]},"id":"af833ae9-f59a-4578-b416-a0ea4da357ae","zIndex":2,"parent":"9f45cdde-f262-48e8-9e0f-4fa496d62f28"},{"position":{"x":-1470,"y":583.5},"size":{"width":150,"height":78},"attrs":{"body":{"stroke":"#000000","strokeDasharray":0},"rank":{"refY":0.11538461538461539,"text":"pv_course","wordSpacing":"-1px","letterSpacing":0},"name":{"refY":0.41025641025641024,"letterSpacing":0},"show":{"refY":0.7051282051282052,"text":"cpnt_title","letterSpacing":0}},"shape":"subquery-node","ports":{"groups":{"top":{"attrs":{"circle":{"r":4.6,"magnet":true,"stroke":"#1589FF","strokeWidth":1,"fill":"#fff"}},"position":"top"},"left":{"attrs":{"circle":{"r":4.6,"magnet":true,"stroke":"#1589FF","strokeWidth":1,"fill":"#fff"}},"position":"left"},"right":{"attrs":{"circle":{"r":4.6,"magnet":true,"stroke":"#1589FF","strokeWidth":1,"fill":"#fff"}},"position":"right"},"bottom":{"attrs":{"circle":{"r":4.6,"magnet":true,"stroke":"#1589FF","strokeWidth":1,"fill":"#fff"}},"position":"bottom"}},"items":[{"id":"top1","group":"top"},{"id":"top2","group":"top"},{"id":"top3","group":"top"},{"id":"bottom1","group":"bottom"},{"id":"bottom2","group":"bottom"},{"id":"bottom3","group":"bottom"},{"id":"left1","group":"left"},{"id":"right1","group":"right"}]},"id":"85fac36c-1849-44e9-a8ce-bc6a7d64cf35","zIndex":3,"parent":"9f45cdde-f262-48e8-9e0f-4fa496d62f28"},{"shape":"edge","attrs":{"line":{"stroke":"#000000","strokeDasharray":0}},"id":"65684ab9-e88c-428b-95b7-b37b64aa49c6","zIndex":4,"labels":["1\ncpnt_typ_id\ncpnt_id\nrev_dte"],"source":{"cell":"af833ae9-f59a-4578-b416-a0ea4da357ae","port":"bottom1"},"target":{"cell":"85fac36c-1849-44e9-a8ce-bc6a7d64cf35","port":"top2"}},{"position":{"x":-1280.5,"y":583.5},"size":{"width":151.20000000000002,"height":78},"attrs":{"body":{"stroke":"#000000","strokeDasharray":0},"rank":{"refY":0.11538461538461539,"text":"pa_rqmt_type","wordSpacing":"-1px","letterSpacing":0},"name":{"refY":0.41025641025641024,"letterSpacing":0},"show":{"refY":0.7051282051282052,"text":"rtyp_desc","letterSpacing":0}},"shape":"subquery-node","ports":{"groups":{"top":{"attrs":{"circle":{"r":4.6,"magnet":true,"stroke":"#1589FF","strokeWidth":1,"fill":"#fff"}},"position":"top"},"left":{"attrs":{"circle":{"r":4.6,"magnet":true,"stroke":"#1589FF","strokeWidth":1,"fill":"#fff"}},"position":"left"},"right":{"attrs":{"circle":{"r":4.6,"magnet":true,"stroke":"#1589FF","strokeWidth":1,"fill":"#fff"}},"position":"right"},"bottom":{"attrs":{"circle":{"r":4.6,"magnet":true,"stroke":"#1589FF","strokeWidth":1,"fill":"#fff"}},"position":"bottom"}},"items":[{"id":"top1","group":"top"},{"id":"top2","group":"top"},{"id":"top3","group":"top"},{"id":"bottom1","group":"bottom"},{"id":"bottom2","group":"bottom"},{"id":"bottom3","group":"bottom"},{"id":"left1","group":"left"},{"id":"right1","group":"right"}]},"id":"8dc58252-0462-4294-8e24-8a7b1257e678","zIndex":5,"parent":"9f45cdde-f262-48e8-9e0f-4fa496d62f28"},{"shape":"edge","attrs":{"line":{"stroke":"#000000","strokeDasharray":0}},"id":"61140230-48aa-4c7b-930e-b451a95ca2ee","zIndex":6,"labels":["1\nrtyp_id"],"source":{"cell":"af833ae9-f59a-4578-b416-a0ea4da357ae","port":"bottom3"},"target":{"cell":"8dc58252-0462-4294-8e24-8a7b1257e678","port":"top2"}},{"position":{"x":-790.55,"y":288.25},"size":{"width":193.20000000000002,"height":148},"attrs":{"body":{"stroke":"#000000","strokeDasharray":0},"rank":{"refY":0.060810810810810814,"text":"pv_stud_course","wordSpacing":"-1px","letterSpacing":0},"name":{"refY":0.21621621621621623,"text":"stud_id = '' \nAND\ncompl_dte IS NULL","letterSpacing":0},"show":{"refY":0.5608108108108109,"text":"cpnt_typ_id\ncpnt_id\nrev_dte\nreq_dte","letterSpacing":0}},"shape":"subquery-node","ports":{"groups":{"top":{"attrs":{"circle":{"r":4.6,"magnet":true,"stroke":"#1589FF","strokeWidth":1,"fill":"#fff"}},"position":"top"},"left":{"attrs":{"circle":{"r":4.6,"magnet":true,"stroke":"#1589FF","strokeWidth":1,"fill":"#fff"}},"position":"left"},"right":{"attrs":{"circle":{"r":4.6,"magnet":true,"stroke":"#1589FF","strokeWidth":1,"fill":"#fff"}},"position":"right"},"bottom":{"attrs":{"circle":{"r":4.6,"magnet":true,"stroke":"#1589FF","strokeWidth":1,"fill":"#fff"}},"position":"bottom"}},"items":[{"id":"top1","group":"top"},{"id":"top2","group":"top"},{"id":"top3","group":"top"},{"id":"bottom1","group":"bottom"},{"id":"bottom2","group":"bottom"},{"id":"bottom3","group":"bottom"},{"id":"left1","group":"left"},{"id":"right1","group":"right"}]},"id":"3a3ceee5-9b3c-4e57-b9dc-1bdd92f1a130","zIndex":8,"parent":"602c0dc7-0da3-4376-b6b5-f328dfe2e9c3"},{"position":{"x":-884.05,"y":552.75},"size":{"width":150,"height":78},"attrs":{"body":{"stroke":"#000000","strokeDasharray":0},"rank":{"refY":0.11538461538461539,"text":"pv_course","wordSpacing":"-1px","letterSpacing":0},"name":{"refY":0.41025641025641024,"letterSpacing":0},"show":{"refY":0.7051282051282052,"text":"cpnt_title","letterSpacing":0}},"shape":"subquery-node","ports":{"groups":{"top":{"attrs":{"circle":{"r":4.6,"magnet":true,"stroke":"#1589FF","strokeWidth":1,"fill":"#fff"}},"position":"top"},"left":{"attrs":{"circle":{"r":4.6,"magnet":true,"stroke":"#1589FF","strokeWidth":1,"fill":"#fff"}},"position":"left"},"right":{"attrs":{"circle":{"r":4.6,"magnet":true,"stroke":"#1589FF","strokeWidth":1,"fill":"#fff"}},"position":"right"},"bottom":{"attrs":{"circle":{"r":4.6,"magnet":true,"stroke":"#1589FF","strokeWidth":1,"fill":"#fff"}},"position":"bottom"}},"items":[{"id":"top1","group":"top"},{"id":"top2","group":"top"},{"id":"top3","group":"top"},{"id":"bottom1","group":"bottom"},{"id":"bottom2","group":"bottom"},{"id":"bottom3","group":"bottom"},{"id":"left1","group":"left"},{"id":"right1","group":"right"}]},"id":"6c0bf1fc-edc8-4eac-ae8c-37f2578f5ed6","zIndex":9,"parent":"602c0dc7-0da3-4376-b6b5-f328dfe2e9c3"},{"position":{"x":-650,"y":552.75},"size":{"width":151.20000000000002,"height":78},"attrs":{"body":{"stroke":"#000000","strokeDasharray":0},"rank":{"refY":0.11538461538461539,"text":"pa_rqmt_type","wordSpacing":"-1px","letterSpacing":0},"name":{"refY":0.41025641025641024,"letterSpacing":0},"show":{"refY":0.7051282051282052,"text":"rtyp_desc","letterSpacing":0}},"shape":"subquery-node","ports":{"groups":{"top":{"attrs":{"circle":{"r":4.6,"magnet":true,"stroke":"#1589FF","strokeWidth":1,"fill":"#fff"}},"position":"top"},"left":{"attrs":{"circle":{"r":4.6,"magnet":true,"stroke":"#1589FF","strokeWidth":1,"fill":"#fff"}},"position":"left"},"right":{"attrs":{"circle":{"r":4.6,"magnet":true,"stroke":"#1589FF","strokeWidth":1,"fill":"#fff"}},"position":"right"},"bottom":{"attrs":{"circle":{"r":4.6,"magnet":true,"stroke":"#1589FF","strokeWidth":1,"fill":"#fff"}},"position":"bottom"}},"items":[{"id":"top1","group":"top"},{"id":"top2","group":"top"},{"id":"top3","group":"top"},{"id":"bottom1","group":"bottom"},{"id":"bottom2","group":"bottom"},{"id":"bottom3","group":"bottom"},{"id":"left1","group":"left"},{"id":"right1","group":"right"}]},"id":"4df8d7f1-a442-4f40-8815-4d05b27b9bae","zIndex":10,"parent":"602c0dc7-0da3-4376-b6b5-f328dfe2e9c3"},{"shape":"edge","attrs":{"line":{"stroke":"#000000","strokeDasharray":0}},"id":"b2b087e0-4ba9-4c40-a1d9-e80358731939","zIndex":11,"labels":["1\ncpnt_typ_id\ncpnt_id\nrev_dte"],"source":{"cell":"3a3ceee5-9b3c-4e57-b9dc-1bdd92f1a130","port":"bottom1"},"target":{"cell":"6c0bf1fc-edc8-4eac-ae8c-37f2578f5ed6","port":"top2"}},{"shape":"edge","attrs":{"line":{"stroke":"#F87217","strokeDasharray":3}},"id":"88bd0da5-96ce-411c-9731-aac4b769241c","zIndex":12,"labels":["1\nrtyp_id"],"source":{"cell":"3a3ceee5-9b3c-4e57-b9dc-1bdd92f1a130","port":"bottom3"},"target":{"cell":"4df8d7f1-a442-4f40-8815-4d05b27b9bae","port":"top2"}},{"shape":"edge","attrs":{"line":{"stroke":"#000000","strokeDasharray":0}},"id":"54a6655c-42de-49c3-821f-72ac0f473d0a","zIndex":13,"labels":["UNION"],"source":{"cell":"9f45cdde-f262-48e8-9e0f-4fa496d62f28","port":"right1"},"target":{"cell":"602c0dc7-0da3-4376-b6b5-f328dfe2e9c3","port":"left1"}},{"position":{"x":-1109.8500000000001,"y":941.25},"size":{"width":260.40000000000003,"height":78},"attrs":{"body":{"stroke":"#000000","strokeDasharray":0},"rank":{"refY":0.11538461538461539,"text":"Ref Table","wordSpacing":"-1px","letterSpacing":0},"name":{"refY":0.41025641025641024,"letterSpacing":0},"show":{"refY":0.7051282051282052,"text":"''  AS preferred_timezone","letterSpacing":0}},"shape":"subquery-node","ports":{"groups":{"top":{"attrs":{"circle":{"r":4.6,"magnet":true,"stroke":"#1589FF","strokeWidth":1,"fill":"#fff"}},"position":"top"},"left":{"attrs":{"circle":{"r":4.6,"magnet":true,"stroke":"#1589FF","strokeWidth":1,"fill":"#fff"}},"position":"left"},"right":{"attrs":{"circle":{"r":4.6,"magnet":true,"stroke":"#1589FF","strokeWidth":1,"fill":"#fff"}},"position":"right"},"bottom":{"attrs":{"circle":{"r":4.6,"magnet":true,"stroke":"#1589FF","strokeWidth":1,"fill":"#fff"}},"position":"bottom"}},"items":[{"id":"top1","group":"top"},{"id":"top2","group":"top"},{"id":"top3","group":"top"},{"id":"bottom1","group":"bottom"},{"id":"bottom2","group":"bottom"},{"id":"bottom3","group":"bottom"},{"id":"left1","group":"left"},{"id":"right1","group":"right"}]},"id":"193fcdca-503d-49a7-a41e-4efd27425cf6","zIndex":14,"parent":"3ae53e90-dd56-452c-93e9-e5891c95472d"},{"shape":"edge","attrs":{"line":{"stroke":"#000000","strokeDasharray":0}},"id":"c8667c65-2cf9-413a-9ae3-e36efe34db6c","zIndex":15,"labels":["ref"],"source":{"cell":"c3efd091-0032-40d5-bed7-3e95d22a4f79","port":"bottom2"},"target":{"cell":"193fcdca-503d-49a7-a41e-4efd27425cf6","port":"top2"}},{"position":{"x":-1054.65,"y":1253.75},"size":{"width":150,"height":78},"attrs":{"body":{"stroke":"#000000","strokeDasharray":0},"rank":{"refY":0.11538461538461539,"text":"Ref Table","wordSpacing":"-1px","letterSpacing":0},"name":{"refY":0.41025641025641024,"text":"row_num=1","letterSpacing":0},"show":{"refY":0.7051282051282052,"letterSpacing":0}},"shape":"subquery-node","ports":{"groups":{"top":{"attrs":{"circle":{"r":4.6,"magnet":true,"stroke":"#1589FF","strokeWidth":1,"fill":"#fff"}},"position":"top"},"left":{"attrs":{"circle":{"r":4.6,"magnet":true,"stroke":"#1589FF","strokeWidth":1,"fill":"#fff"}},"position":"left"},"right":{"attrs":{"circle":{"r":4.6,"magnet":true,"stroke":"#1589FF","strokeWidth":1,"fill":"#fff"}},"position":"right"},"bottom":{"attrs":{"circle":{"r":4.6,"magnet":true,"stroke":"#1589FF","strokeWidth":1,"fill":"#fff"}},"position":"bottom"}},"items":[{"id":"top1","group":"top"},{"id":"top2","group":"top"},{"id":"top3","group":"top"},{"id":"bottom1","group":"bottom"},{"id":"bottom2","group":"bottom"},{"id":"bottom3","group":"bottom"},{"id":"left1","group":"left"},{"id":"right1","group":"right"}]},"id":"c3a0ea57-8137-43bf-b96c-c6f7259eb654","zIndex":17,"parent":"60260bef-6445-4b4e-94f0-c0b61b6759fa"},{"shape":"edge","attrs":{"line":{"stroke":"#000000","strokeDasharray":0}},"id":"c6b021b4-5fe1-4b6c-b593-0cef5a863127","zIndex":18,"labels":["ref"],"source":{"cell":"193fcdca-503d-49a7-a41e-4efd27425cf6","port":"bottom2"},"target":{"cell":"c3a0ea57-8137-43bf-b96c-c6f7259eb654","port":"top2"}}]}