﻿Columns in the final report,Columns in base tables,Logic
cpnt_typ_id,pv_stud_course.cpnt_typ_id + pa_stud_qual_cpnt.cpnt_typ_id,"Through the fields pv_stub_course.cpnt_typ_id, pv_stub_course.cpnt_id, pv_stub_course.rev_dte, find the corresponding dmn description in the table pv_stud_course"
cpnt_id,pv_stud_course.cpnt_id + pa_stud_qual_cpnt.cpnt_id,Same with the 1th column
rev_dte,pv_stud_course.rev_dte + pa_stud_qual_cpnt.rev_dte,Same with the 1th column
stud_id,pv_stud_course.stud_id + pa_stud_qual_cpnt.stud_id,Same with the 1th column
stud_cpnt_id,pa_cbt_stud_cpnt.stud_cpnt_id,"Through the fields pv_stub_course.cpnt_typ_id, pv_stub_course.cpnt_id, pv_stub_course.rev_dte, cpnt_typ_id.stud_id,  find the corresponding information in the table pa_cbt_stud_cpnt. And only find the latest information through rnum=1"
cmpl_stat_id,pa_cbt_stud_cpnt.cmpl_stat_id,Same with the 5th column
compl_dte,pa_cbt_stud_cpnt.compl_dte,Same with the 5th column
source_file,pa_cbt_stud_cpnt.source_file,Same with the 5th column
aicc_id,pa_cbt_stud_cpnt.aicc_id,Same with the 5th column
creator,pa_cbt_stud_cpnt.creator,Same with the 5th column
environment,pa_cbt_stud_cpnt.environment,Same with the 5th column
is_active,pa_cbt_stud_cpnt.is_active,Same with the 5th column
has_access,pa_cbt_stud_cpnt.has_access,Same with the 5th column
child_count,pa_cbt_stud_cpnt.child_count,Same with the 5th column
force_order,pa_cbt_stud_cpnt.force_order,Same with the 5th column
expanded,pa_cbt_stud_cpnt.expanded,Same with the 5th column
needs_review,pa_cbt_stud_cpnt.needs_review,Same with the 5th column
initial_date,pa_cbt_stud_cpnt.initial_date,Same with the 5th column
last_access,pa_cbt_stud_cpnt.last_access,Same with the 5th column
total_time,pa_cbt_stud_cpnt.total_time,Same with the 5th column
total_times,pa_cbt_stud_cpnt.total_times,Same with the 5th column
complete,pa_cbt_stud_cpnt.complete,Same with the 5th column
finished,pa_cbt_stud_cpnt.finished,Same with the 5th column
notes,pa_cbt_stud_cpnt.notes,Same with the 5th column
is_online_only,pa_cbt_stud_cpnt.is_online_only,Same with the 5th column
has_admin_modified,pa_cbt_stud_cpnt.has_admin_modified,Same with the 5th column
create_dte,pa_cbt_stud_cpnt.create_dte,Same with the 5th column
is_review_mode,pa_cbt_stud_cpnt.is_review_mode,Same with the 5th column
offline_accessible,pa_cbt_stud_cpnt.offline_accessible,Same with the 5th column
content_zip_url,pa_cbt_stud_cpnt.content_zip_url,Same with the 5th column
last_download_date,pa_cbt_stud_cpnt.last_download_date,Same with the 5th column
sync_date,pa_cbt_stud_cpnt.sync_date,Same with the 5th column
module_id,pa_cbt_stud_cpnt_mod.module_id,"Through the fields pa_cbt_stud_cpnt.stud_cpnt_id,  find the corresponding information in the table pa_cbt_stud_cpnt_mod."
module_name,pa_cbt_stud_cpnt_mod.module_name,Same with the 33th column
scm_total_time,pa_cbt_stud_cpnt_mod.total_time,Same with the 33th column
scm_total_times,"Nvl (pa_cbt_stud_cpnt_mod.total_times, 0) ",Same with the 33th column
scm_last_access,pa_cbt_stud_cpnt_mod.last_access ,Same with the 33th column
scm_complete,pa_cbt_stud_cpnt_mod.complete ,Same with the 33th column
scm_finished,pa_cbt_stud_cpnt_mod.finished,Same with the 33th column
scm_has_access,pa_cbt_stud_cpnt_mod.has_access ,Same with the 33th column
rev_num,pv_course.rev_num,"Through the fields pv_stud_course.cpnt_typ_id
pv_stud_course.cpnt_id,
pv_stud_course.rev_dte,  find the corresponding information in the table pa_student."
rtyp_id,pv_course.rtyp_id,Same with the 41th column
cpnt_domain,pv_course.dmn_id ,Same with the 41th column
del_mth_id,pv_course.del_mth_id,Same with the 41th column
cpnt_src_id,pv_course.cpnt_src_id,Same with the 41th column
cpnt_notactive,pv_course.notactive  ,Same with the 41th column
cpnt_title,pv_course.cpnt_title,Same with the 41th column
safety_rel,pv_course.safety_rel,Same with the 41th column
cpnt_create_date,pv_course.create_dte ,Same with the 41th column
reviser,pv_course.reviser,Same with the 41th column
apprvr,pv_course.apprvr,Same with the 41th column
apprvd,pv_course.apprvd,Same with the 41th column
apprvl_dte,pv_course.apprvl_dte,Same with the 41th column
min_enrl,pv_course.min_enrl,Same with the 41th column
max_enrl,pv_course.max_enrl,Same with the 41th column
cpnt_len,pv_course.cpnt_len,Same with the 41th column
prep_len,pv_course.prep_len,Same with the 41th column
les_plan,pv_course.les_plan,Same with the 41th column
contact,pv_course.contact,Same with the 41th column
credit_hrs,pv_course.credit_hrs,Same with the 41th column
cpe_hrs,pv_course.cpe_hrs,Same with the 41th column
contact_hrs,pv_course.contact_hrs,Same with the 41th column
stud_mats,pv_course.stud_mats,Same with the 41th column
inst_mats,pv_course.inst_mats,Same with the 41th column
cpnt_desc,pv_course.cpnt_desc,Same with the 41th column
tgt_audnc,pv_course.tgt_audnc,Same with the 41th column
cpnt_comments,pv_course.cpnt_comments,Same with the 41th column
grade_opt,pv_course.comments,Same with the 41th column
enrl_threshold_days,pv_course.enrl_threshold_days,Same with the 41th column
shipping_required,pv_course.shipping_required,Same with the 41th column
auto_fill_enrl,pv_course.auto_fill_enrl,Same with the 41th column
waitlist_remdr_sent,pv_course.waitlist_remdr_sent,Same with the 41th column
auto_competency,pv_course.auto_competency,Same with the 41th column
cpnt_classification,pv_course.cpnt_classification,Same with the 41th column
chgbck_method,pv_course.chgbck_method,Same with the 41th column
catalog_sku,pv_course.catalog_sku,Same with the 41th column
schedule_can_override_price,pv_course.schedule_can_override_price,Same with the 41th column
production_ready,pv_course.production_ready,Same with the 41th column
cpnt_goals,pv_course.cpnt_goals,Same with the 41th column
self_record_lrngevt,pv_course.self_record_lrngevt,Same with the 41th column
sub_record_lrngevt,pv_course.sub_record_lrngevt,Same with the 41th column
tap_def_id,pv_course.tap_def_id,Same with the 41th column
approval_reqd,pv_course.approval_reqd,Same with the 41th column
init_period_type_id,pv_course.init_period_type_id,Same with the 41th column
init_number,pv_course.init_number,Same with the 41th column
init_basis_type_id,pv_course.init_basis_type_id,Same with the 41th column
retrng_period_type_id,pv_course.retrng_period_type_id,Same with the 41th column
retrng_number,pv_course.retrng_number,Same with the 41th column
retrng_basis_type_id,pv_course.retrng_basis_type_id,Same with the 41th column
rating,pv_course.rating,Same with the 41th column
self_enrl,pv_course.self_enrl,Same with the 41th column
user_req_enabled,pv_course.user_req_enabled,Same with the 41th column
user_can_waitlist,pv_course.user_can_waitlist,Same with the 41th column
cpnt_key,pv_course.cpnt_key,Same with the 41th column
register_online,pv_course.register_online,Same with the 41th column
esig_enabled,pv_course.esig_enabled,Same with the 41th column
cpnt_last_upd_user,pv_course.lst_upd_usr,Same with the 41th column
cpnt_last_upd_timestamp,pv_course.lst_upd_tstm,Same with the 41th column
cost_currency_code,pv_course.cost_currency_code,Same with the 41th column
stud_stud_id,pa_student.pa_studentud_id,"Through the fields pv_stud_course.stud_id,  find the corresponding information in the table pa_student."
lname,pa_student.lname,Same with the 100th column
fname,pa_student.fname,Same with the 100th column
mi,pa_student.mi,Same with the 100th column
emp_stat_id,pa_student.emp_stat_id,Same with the 100th column
emp_typ_id,pa_student.emp_typ_id,Same with the 100th column
jl_id,pa_student.jl_id,Same with the 100th column
jp_id,pa_student.jp_id,Same with the 100th column
target_jp_id,pa_student.target_jp_id,Same with the 100th column
job_title,pa_student.job_title,Same with the 100th column
stud_domain,pa_student.dmn_id ,Same with the 100th column
org_id,pa_student.org_id,Same with the 100th column
region_id,pa_student.region_id,Same with the 100th column
co_id,pa_student.co_id,Same with the 100th column
stud_notactive,pa_student.notactive,Same with the 100th column
addr,pa_student.addr,Same with the 100th column
city,pa_student.city,Same with the 100th column
state,pa_student.state,Same with the 100th column
postal,pa_student.postal,Same with the 100th column
cntry,pa_student.cntry,Same with the 100th column
super,pa_student.super,Same with the 100th column
coach_stud_id,pa_student.coach_stud_id,Same with the 100th column
hire_dte,pa_student.hire_dte,Same with the 100th column
term_dte,pa_student.term_dte,Same with the 100th column
email_addr,pa_student.email_addr,Same with the 100th column
resume_locn,pa_student.resume_locn,Same with the 100th column
stud_comments,pa_student.comments ,Same with the 100th column
shipping_name,pa_student.shipping_name,Same with the 100th column
shipping_contact_name,pa_student.shipping_contact_name,Same with the 100th column
shipping_addr,pa_student.shipping_addr,Same with the 100th column
shipping_addr1,pa_student.shipping_addr1,Same with the 100th column
shipping_city,pa_student.shipping_city,Same with the 100th column
shipping_state,pa_student.shipping_state,Same with the 100th column
shipping_postal,pa_student.shipping_postal,Same with the 100th column
shipping_cntry,pa_student.shipping_cntry,Same with the 100th column
shipping_phon_num,pa_student.shipping_phon_num,Same with the 100th column
shipping_fax_num,pa_student.shipping_fax_num,Same with the 100th column
shipping_email_addr,pa_student.shipping_email_addr,Same with the 100th column
stud_pswd,pa_student.stud_pswd,Same with the 100th column
pin,pa_student.pin,Same with the 100th column
pin_date,pa_student.pin_date,Same with the 100th column
encrypted,pa_student.encrypted,Same with the 100th column
stud_has_access,pa_student.has_access ,Same with the 100th column
billing_name,pa_student.billing_name,Same with the 100th column
billing_contact_name,pa_student.billing_contact_name,Same with the 100th column
billing_addr,pa_student.billing_addr,Same with the 100th column
billing_addr1,pa_student.billing_addr1,Same with the 100th column
billing_city,pa_student.billing_city,Same with the 100th column
billing_state,pa_student.billing_state,Same with the 100th column
billing_postal,pa_student.billing_postal,Same with the 100th column
billing_cntry,pa_student.billing_cntry,Same with the 100th column
billing_phon_num,pa_student.billing_phon_num,Same with the 100th column
billing_fax_num,pa_student.billing_fax_num,Same with the 100th column
billing_email_addr,pa_student.billing_email_addr,Same with the 100th column
self_registration,pa_student.self_registration,Same with the 100th column
self_registration_date,pa_student.self_registration_date,Same with the 100th column
access_to_org_fin_act,pa_student.access_to_org_fin_act,Same with the 100th column
notify_dev_plan_item_add,pa_student.notify_dev_plan_item_add,Same with the 100th column
notify_dev_plan_item_mod,pa_student.notify_dev_plan_item_mod,Same with the 100th column
notify_dev_plan_item_remove,pa_student.notify_dev_plan_item_remove,Same with the 100th column
notify_when_sub_item_complete,pa_student.notify_when_sub_item_complete,Same with the 100th column
notify_when_sub_item_failure,pa_student.notify_when_sub_item_failure,Same with the 100th column
LOCKED,pa_student.LOCKED,Same with the 100th column
password_exp_date,pa_student.password_exp_date,Same with the 100th column
security_question,pa_student.security_question,Same with the 100th column
security_answer,pa_student.security_answer,Same with the 100th column
role_id,pa_student.role_id,Same with the 100th column
image_id,pa_student.image_id,Same with the 100th column
gender,pa_student.gender,Same with the 100th column
past_service,pa_student.past_service,Same with the 100th column
lst_unlock_tstmp,pa_student.lst_unlock_tstmp,Same with the 100th column
stud_last_upd_user,pa_student.lpa_student_upd_usr,Same with the 100th column
stud_last_upd_timestamp,pa_student.lpa_student_upd_tpa_studentmp,Same with the 100th column
manage_sub_sp,pa_student.manage_sub_sp,Same with the 100th column
manage_own_sp,pa_student.manage_own_sp,Same with the 100th column
stud_stud_id,pa_cbt_stud_cpnt_mod.pa_studentud_cpnt_id ,Same with the 33th column
node_level,pa_cbt_stud_cpnt_mod.node_level,Same with the 33th column
node_no,pa_cbt_stud_cpnt_mod.node_no,Same with the 33th column
exam_name,pa_cbt_stud_cpnt_mod.exam_name,Same with the 33th column
app_id,pa_cbt_stud_cpnt_mod.app_id,Same with the 33th column
developer_id,pa_cbt_stud_cpnt_mod.developer_id,Same with the 33th column
module_type,pa_cbt_stud_cpnt_mod.module_type,Same with the 33th column
scm_is_active,pa_cbt_stud_cpnt_mod.is_active,Same with the 33th column
scm_aicc_id,pa_cbt_stud_cpnt_mod.aicc_id,Same with the 33th column
aicc_lesson_loc,pa_cbt_stud_cpnt_mod.aicc_lesson_loc,Same with the 33th column
parent_id,pa_cbt_stud_cpnt_mod.parent_id,Same with the 33th column
scm_child_count,pa_cbt_stud_cpnt_mod.child_count,Same with the 33th column
complete_date,pa_cbt_stud_cpnt_mod.complete_date,Same with the 33th column
scm_initial_date,pa_cbt_stud_cpnt_mod.initial_date,Same with the 33th column
scm_force_order,pa_cbt_stud_cpnt_mod.force_order,Same with the 33th column
scm_expanded,pa_cbt_stud_cpnt_mod.expanded,Same with the 33th column
scm_need_review,pa_cbt_stud_cpnt_mod.needs_review,Same with the 33th column
questions_asked,pa_cbt_stud_cpnt_mod.questions_asked,Same with the 33th column
questions_correct,pa_cbt_stud_cpnt_mod.questions_correct,Same with the 33th column
score,pa_cbt_stud_cpnt_mod.score,Same with the 33th column
mastery_score,pa_cbt_stud_cpnt_mod.mastery_score,Same with the 33th column
scm_comments,pa_cbt_stud_cpnt_mod.comments,Same with the 33th column
app_cmd_opt,pa_cbt_stud_cpnt_mod.app_cmd_opt,Same with the 33th column
play_all_scrns,pa_cbt_stud_cpnt_mod.play_all_scrns,Same with the 33th column
exam_revw_enabled,pa_cbt_stud_cpnt_mod.exam_revw_enabled,Same with the 33th column
exam_revw_prompt,pa_cbt_stud_cpnt_mod.exam_revw_prompt,Same with the 33th column
complete_on_launch,pa_cbt_stud_cpnt_mod.complete_on_launch,Same with the 33th column
scm_has_admin_modified,pa_cbt_stud_cpnt_mod.has_admin_modified,Same with the 33th column
exit_component,pa_cbt_stud_cpnt_mod.exit_component,Same with the 33th column
trigger_cpnt_pass,pa_cbt_stud_cpnt_mod.trigger_cpnt_pass,Same with the 33th column
trigger_cpnt_fail,pa_cbt_stud_cpnt_mod.trigger_cpnt_fail,Same with the 33th column
freeze_cpnt_objs_during_launch,pa_cbt_stud_cpnt_mod.freeze_cpnt_objs_during_launch,Same with the 33th column
freezing_other_cpnt_objects,pa_cbt_stud_cpnt_mod.freezing_other_cpnt_objects,Same with the 33th column
cmi_completion_status,pa_cbt_stud_cpnt_mod.cmi_completion_status,Same with the 33th column
success_status,pa_cbt_stud_cpnt_mod.success_status,Same with the 33th column
progress_measure,pa_cbt_stud_cpnt_mod.progress_measure,Same with the 33th column
cmi_entry,pa_cbt_stud_cpnt_mod.cmi_entry,Same with the 33th column
lesson_location,pa_cbt_stud_cpnt_mod.lesson_location,Same with the 33th column
score_raw,pa_cbt_stud_cpnt_mod.score_raw,Same with the 33th column
score_min,pa_cbt_stud_cpnt_mod.score_min,Same with the 33th column
score_max,pa_cbt_stud_cpnt_mod.score_max,Same with the 33th column
score_scaled,pa_cbt_stud_cpnt_mod.score_scaled,Same with the 33th column
cmi_exit,pa_cbt_stud_cpnt_mod.cmi_exit,Same with the 33th column
activity_id,pa_cbt_stud_cpnt_mod.activity_id,Same with the 33th column
scm_offline_accessible,pa_cbt_stud_cpnt_mod.offline_accessible,Same with the 33th column
exam_duration,pa_cbt_stud_cpnt_mod.exam_duration,Same with the 33th column
exam_review_option,pa_cbt_stud_cpnt_mod.exam_review_option,Same with the 33th column
aicc_data,pa_cbt_stud_cpnt_mod.aicc_data,Same with the 33th column
