{"cells":[{"position":{"x":509.99999999999636,"y":56.000000000001364},"size":{"width":1440,"height":1600},"attrs":{"body":{"fill":"#eeeeee"},"buttonSign":{"d":"M 2 5 8 5"},"label":{"fill":"#111111","text":"Get the detail information of the course and student","fontFamily":"Courier New","fontSize":14},"rect":{"fill":"#eeeeee","stroke":"#000000","strokeDasharray":0}},"shape":"group-node","ports":{"groups":{"top":{"attrs":{"circle":{"r":4.6,"magnet":true,"stroke":"#1589FF","strokeWidth":1,"fill":"#fff"}},"position":"top"},"left":{"attrs":{"circle":{"r":4.6,"magnet":true,"stroke":"#1589FF","strokeWidth":1,"fill":"#fff"}},"position":"left"},"right":{"attrs":{"circle":{"r":4.6,"magnet":true,"stroke":"#1589FF","strokeWidth":1,"fill":"#fff"}},"position":"right"},"bottom":{"attrs":{"circle":{"r":4.6,"magnet":true,"stroke":"#1589FF","strokeWidth":1,"fill":"#fff"}},"position":"bottom"}},"items":[{"id":"top1","group":"top"},{"id":"top2","group":"top"},{"id":"top3","group":"top"},{"id":"bottom1","group":"bottom"},{"id":"bottom2","group":"bottom"},{"id":"bottom3","group":"bottom"},{"id":"left1","group":"left"},{"id":"right1","group":"right"}]},"id":"06eab505-81b8-47b8-957f-6c070bb1b272","zIndex":-4,"children":["8fdfa1c6-bd1b-44c0-b4b4-d6427b8d38ad","e5fc6176-2ba9-4954-817b-6320d6e99e0c","0c9db427-7c6b-4b87-a820-7b32a7b8e5e1","f017f8e7-f2c5-4516-b541-c831d9718510"]},{"position":{"x":930,"y":121},"size":{"width":546,"height":240},"attrs":{"body":{"fill":"#eeeeee"},"buttonSign":{"d":"M 2 5 8 5"},"label":{"fill":"#111111","text":"Get the latest course progress of students","fontFamily":"Courier New","fontSize":14},"rect":{"fill":"#eeeeee","stroke":"#000000","strokeDasharray":0}},"shape":"group-node","ports":{"groups":{"top":{"attrs":{"circle":{"r":4.6,"magnet":true,"stroke":"#1589FF","strokeWidth":1,"fill":"#fff"}},"position":"top"},"left":{"attrs":{"circle":{"r":4.6,"magnet":true,"stroke":"#1589FF","strokeWidth":1,"fill":"#fff"}},"position":"left"},"right":{"attrs":{"circle":{"r":4.6,"magnet":true,"stroke":"#1589FF","strokeWidth":1,"fill":"#fff"}},"position":"right"},"bottom":{"attrs":{"circle":{"r":4.6,"magnet":true,"stroke":"#1589FF","strokeWidth":1,"fill":"#fff"}},"position":"bottom"}},"items":[{"id":"top1","group":"top"},{"id":"top2","group":"top"},{"id":"top3","group":"top"},{"id":"bottom1","group":"bottom"},{"id":"bottom2","group":"bottom"},{"id":"bottom3","group":"bottom"},{"id":"left1","group":"left"},{"id":"right1","group":"right"}]},"id":"8fdfa1c6-bd1b-44c0-b4b4-d6427b8d38ad","zIndex":-3,"children":["31f1482d-ecbc-40e0-86b6-62ae8395bfe9"],"parent":"06eab505-81b8-47b8-957f-6c070bb1b272"},{"position":{"x":-710,"y":-334},"size":{"width":923.8,"height":1150},"attrs":{"body":{"fill":"#eeeeee"},"buttonSign":{"d":"M 2 5 8 5"},"label":{"fill":"#111111","text":"Get the details of the student according to course-student reference\nPartition sort mark as rnum","fontFamily":"Courier New","fontSize":14},"rect":{"fill":"#eeeeee","stroke":"#000000","strokeDasharray":0}},"shape":"group-node","ports":{"groups":{"top":{"attrs":{"circle":{"r":4.6,"magnet":true,"stroke":"#1589FF","strokeWidth":1,"fill":"#fff"}},"position":"top"},"left":{"attrs":{"circle":{"r":4.6,"magnet":true,"stroke":"#1589FF","strokeWidth":1,"fill":"#fff"}},"position":"left"},"right":{"attrs":{"circle":{"r":4.6,"magnet":true,"stroke":"#1589FF","strokeWidth":1,"fill":"#fff"}},"position":"right"},"bottom":{"attrs":{"circle":{"r":4.6,"magnet":true,"stroke":"#1589FF","strokeWidth":1,"fill":"#fff"}},"position":"bottom"}},"items":[{"id":"top1","group":"top"},{"id":"top2","group":"top"},{"id":"top3","group":"top"},{"id":"bottom1","group":"bottom"},{"id":"bottom2","group":"bottom"},{"id":"bottom3","group":"bottom"},{"id":"left1","group":"left"},{"id":"right1","group":"right"}]},"id":"d1be48c6-d705-4ddd-952a-a6610a78061e","zIndex":-2,"children":["b14b193c-0e99-4bf5-beab-43a51a1b4ffd","d8a5ffd8-3659-43f4-8ad2-86ef1968bb9c"]},{"position":{"x":-685,"y":-254},"size":{"width":873.8,"height":438},"attrs":{"body":{"fill":"#eeeeee"},"buttonSign":{"d":"M 2 5 8 5"},"label":{"fill":"#111111","text":"union all data","fontFamily":"Courier New","fontSize":14},"rect":{"fill":"#eeeeee","stroke":"#000000","strokeDasharray":0}},"shape":"group-node","ports":{"groups":{"top":{"attrs":{"circle":{"r":4.6,"magnet":true,"stroke":"#1589FF","strokeWidth":1,"fill":"#fff"}},"position":"top"},"left":{"attrs":{"circle":{"r":4.6,"magnet":true,"stroke":"#1589FF","strokeWidth":1,"fill":"#fff"}},"position":"left"},"right":{"attrs":{"circle":{"r":4.6,"magnet":true,"stroke":"#1589FF","strokeWidth":1,"fill":"#fff"}},"position":"right"},"bottom":{"attrs":{"circle":{"r":4.6,"magnet":true,"stroke":"#1589FF","strokeWidth":1,"fill":"#fff"}},"position":"bottom"}},"items":[{"id":"top1","group":"top"},{"id":"top2","group":"top"},{"id":"top3","group":"top"},{"id":"bottom1","group":"bottom"},{"id":"bottom2","group":"bottom"},{"id":"bottom3","group":"bottom"},{"id":"left1","group":"left"},{"id":"right1","group":"right"}]},"id":"b14b193c-0e99-4bf5-beab-43a51a1b4ffd","zIndex":-1,"children":["eca5d2d5-8047-4473-b33c-a5733cca781e","87c04296-2874-47e1-8056-e8a528a2ddbb"],"parent":"d1be48c6-d705-4ddd-952a-a6610a78061e"},{"position":{"x":-177.20000000000005,"y":-224},"size":{"width":336,"height":388},"attrs":{"body":{"fill":"#eeeeee"},"buttonSign":{"d":"M 2 5 8 5"},"label":{"fill":"#111111","text":"Get student selection information","fontFamily":"Courier New","fontSize":14},"rect":{"fill":"#eeeeee","stroke":"#000000","strokeDasharray":0}},"shape":"group-node","ports":{"groups":{"top":{"attrs":{"circle":{"r":4.6,"magnet":true,"stroke":"#1589FF","strokeWidth":1,"fill":"#fff"}},"position":"top"},"left":{"attrs":{"circle":{"r":4.6,"magnet":true,"stroke":"#1589FF","strokeWidth":1,"fill":"#fff"}},"position":"left"},"right":{"attrs":{"circle":{"r":4.6,"magnet":true,"stroke":"#1589FF","strokeWidth":1,"fill":"#fff"}},"position":"right"},"bottom":{"attrs":{"circle":{"r":4.6,"magnet":true,"stroke":"#1589FF","strokeWidth":1,"fill":"#fff"}},"position":"bottom"}},"items":[{"id":"top1","group":"top"},{"id":"top2","group":"top"},{"id":"top3","group":"top"},{"id":"bottom1","group":"bottom"},{"id":"bottom2","group":"bottom"},{"id":"bottom3","group":"bottom"},{"id":"left1","group":"left"},{"id":"right1","group":"right"}]},"id":"87c04296-2874-47e1-8056-e8a528a2ddbb","zIndex":0,"children":["8be74109-4bdf-4434-b5fc-253e07f04b83","8066cbb1-7d23-4a60-bbd5-4bcc879a9136"],"parent":"b14b193c-0e99-4bf5-beab-43a51a1b4ffd"},{"position":{"x":-675,"y":-224},"size":{"width":336,"height":388},"attrs":{"body":{"fill":"#eeeeee"},"buttonSign":{"d":"M 2 5 8 5"},"label":{"fill":"#111111","text":"Get student selection information","fontFamily":"Courier New","fontSize":14},"rect":{"fill":"#eeeeee","stroke":"#000000","strokeDasharray":0}},"shape":"group-node","ports":{"groups":{"top":{"attrs":{"circle":{"r":4.6,"magnet":true,"stroke":"#1589FF","strokeWidth":1,"fill":"#fff"}},"position":"top"},"left":{"attrs":{"circle":{"r":4.6,"magnet":true,"stroke":"#1589FF","strokeWidth":1,"fill":"#fff"}},"position":"left"},"right":{"attrs":{"circle":{"r":4.6,"magnet":true,"stroke":"#1589FF","strokeWidth":1,"fill":"#fff"}},"position":"right"},"bottom":{"attrs":{"circle":{"r":4.6,"magnet":true,"stroke":"#1589FF","strokeWidth":1,"fill":"#fff"}},"position":"bottom"}},"items":[{"id":"top1","group":"top"},{"id":"top2","group":"top"},{"id":"top3","group":"top"},{"id":"bottom1","group":"bottom"},{"id":"bottom2","group":"bottom"},{"id":"bottom3","group":"bottom"},{"id":"left1","group":"left"},{"id":"right1","group":"right"}]},"id":"eca5d2d5-8047-4473-b33c-a5733cca781e","zIndex":1,"children":["e4dcc48b-420b-485b-b130-b6613e0afd2c","4e7a9c08-1151-4641-a5c7-3bb0c22d4784"],"parent":"b14b193c-0e99-4bf5-beab-43a51a1b4ffd"},{"position":{"x":-605,"y":-174},"size":{"width":168,"height":120},"attrs":{"body":{"stroke":"#000000","strokeDasharray":0},"rank":{"refY":0.075,"text":"pv_stud_course","wordSpacing":"-1px","letterSpacing":0},"name":{"refY":0.26666666666666666,"letterSpacing":0},"show":{"refY":0.4583333333333333,"text":"cpnt_typ_id\ncpnt_id\nrev_dte\nstud_id","letterSpacing":0}},"shape":"subquery-node","ports":{"groups":{"top":{"attrs":{"circle":{"r":4.6,"magnet":true,"stroke":"#1589FF","strokeWidth":1,"fill":"#fff"}},"position":"top"},"left":{"attrs":{"circle":{"r":4.6,"magnet":true,"stroke":"#1589FF","strokeWidth":1,"fill":"#fff"}},"position":"left"},"right":{"attrs":{"circle":{"r":4.6,"magnet":true,"stroke":"#1589FF","strokeWidth":1,"fill":"#fff"}},"position":"right"},"bottom":{"attrs":{"circle":{"r":4.6,"magnet":true,"stroke":"#1589FF","strokeWidth":1,"fill":"#fff"}},"position":"bottom"}},"items":[{"id":"top1","group":"top"},{"id":"top2","group":"top"},{"id":"top3","group":"top"},{"id":"bottom1","group":"bottom"},{"id":"bottom2","group":"bottom"},{"id":"bottom3","group":"bottom"},{"id":"left1","group":"left"},{"id":"right1","group":"right"}]},"id":"e4dcc48b-420b-485b-b130-b6613e0afd2c","zIndex":2,"parent":"eca5d2d5-8047-4473-b33c-a5733cca781e"},{"position":{"x":-596,"y":76},"size":{"width":150,"height":78},"attrs":{"body":{"stroke":"#000000","strokeDasharray":0},"rank":{"refY":0.11538461538461539,"text":"pa_cbt_cpnt","wordSpacing":"-1px","letterSpacing":0},"name":{"refY":0.41025641025641024,"letterSpacing":0},"show":{"refY":0.7051282051282052,"letterSpacing":0}},"shape":"subquery-node","ports":{"groups":{"top":{"attrs":{"circle":{"r":4.6,"magnet":true,"stroke":"#1589FF","strokeWidth":1,"fill":"#fff"}},"position":"top"},"left":{"attrs":{"circle":{"r":4.6,"magnet":true,"stroke":"#1589FF","strokeWidth":1,"fill":"#fff"}},"position":"left"},"right":{"attrs":{"circle":{"r":4.6,"magnet":true,"stroke":"#1589FF","strokeWidth":1,"fill":"#fff"}},"position":"right"},"bottom":{"attrs":{"circle":{"r":4.6,"magnet":true,"stroke":"#1589FF","strokeWidth":1,"fill":"#fff"}},"position":"bottom"}},"items":[{"id":"top1","group":"top"},{"id":"top2","group":"top"},{"id":"top3","group":"top"},{"id":"bottom1","group":"bottom"},{"id":"bottom2","group":"bottom"},{"id":"bottom3","group":"bottom"},{"id":"left1","group":"left"},{"id":"right1","group":"right"}]},"id":"4e7a9c08-1151-4641-a5c7-3bb0c22d4784","zIndex":3,"parent":"eca5d2d5-8047-4473-b33c-a5733cca781e"},{"shape":"edge","attrs":{"line":{"stroke":"#000000","strokeDasharray":0}},"id":"19bc1c67-2a77-4512-b006-a1a4a6cf1d22","zIndex":4,"labels":["1\ncpnt_typ_id\ncpnt_id\nrev_dte\nFILTER：EQUAL"],"source":{"cell":"e4dcc48b-420b-485b-b130-b6613e0afd2c","port":"bottom2"},"target":{"cell":"4e7a9c08-1151-4641-a5c7-3bb0c22d4784","port":"top2"}},{"position":{"x":-117.20000000000005,"y":-174},"size":{"width":193.20000000000002,"height":120},"attrs":{"body":{"stroke":"#000000","strokeDasharray":0},"rank":{"refY":0.075,"text":"pa_stud_qual_cpnt","wordSpacing":"-1px","letterSpacing":0},"name":{"refY":0.26666666666666666,"letterSpacing":0},"show":{"refY":0.4583333333333333,"text":"cpnt_typ_id\ncpnt_id\nrev_dte\nstud_id","letterSpacing":0}},"shape":"subquery-node","ports":{"groups":{"top":{"attrs":{"circle":{"r":4.6,"magnet":true,"stroke":"#1589FF","strokeWidth":1,"fill":"#fff"}},"position":"top"},"left":{"attrs":{"circle":{"r":4.6,"magnet":true,"stroke":"#1589FF","strokeWidth":1,"fill":"#fff"}},"position":"left"},"right":{"attrs":{"circle":{"r":4.6,"magnet":true,"stroke":"#1589FF","strokeWidth":1,"fill":"#fff"}},"position":"right"},"bottom":{"attrs":{"circle":{"r":4.6,"magnet":true,"stroke":"#1589FF","strokeWidth":1,"fill":"#fff"}},"position":"bottom"}},"items":[{"id":"top1","group":"top"},{"id":"top2","group":"top"},{"id":"top3","group":"top"},{"id":"bottom1","group":"bottom"},{"id":"bottom2","group":"bottom"},{"id":"bottom3","group":"bottom"},{"id":"left1","group":"left"},{"id":"right1","group":"right"}]},"id":"8be74109-4bdf-4434-b5fc-253e07f04b83","zIndex":6,"parent":"87c04296-2874-47e1-8056-e8a528a2ddbb"},{"position":{"x":-95.60000000000002,"y":66},"size":{"width":150,"height":78},"attrs":{"body":{"stroke":"#000000","strokeDasharray":0},"rank":{"refY":0.11538461538461539,"text":"pa_cbt_cpnt","wordSpacing":"-1px","letterSpacing":0},"name":{"refY":0.41025641025641024,"letterSpacing":0},"show":{"refY":0.7051282051282052,"letterSpacing":0}},"shape":"subquery-node","ports":{"groups":{"top":{"attrs":{"circle":{"r":4.6,"magnet":true,"stroke":"#1589FF","strokeWidth":1,"fill":"#fff"}},"position":"top"},"left":{"attrs":{"circle":{"r":4.6,"magnet":true,"stroke":"#1589FF","strokeWidth":1,"fill":"#fff"}},"position":"left"},"right":{"attrs":{"circle":{"r":4.6,"magnet":true,"stroke":"#1589FF","strokeWidth":1,"fill":"#fff"}},"position":"right"},"bottom":{"attrs":{"circle":{"r":4.6,"magnet":true,"stroke":"#1589FF","strokeWidth":1,"fill":"#fff"}},"position":"bottom"}},"items":[{"id":"top1","group":"top"},{"id":"top2","group":"top"},{"id":"top3","group":"top"},{"id":"bottom1","group":"bottom"},{"id":"bottom2","group":"bottom"},{"id":"bottom3","group":"bottom"},{"id":"left1","group":"left"},{"id":"right1","group":"right"}]},"id":"8066cbb1-7d23-4a60-bbd5-4bcc879a9136","zIndex":7,"parent":"87c04296-2874-47e1-8056-e8a528a2ddbb"},{"shape":"edge","attrs":{"line":{"stroke":"#000000","strokeDasharray":0}},"id":"24ae0a5d-f3ec-47a2-87d4-0373e95b871c","zIndex":8,"labels":["1\ncpnt_typ_id\ncpnt_id\nrev_dte\nFILTER：EQUAL"],"source":{"cell":"8be74109-4bdf-4434-b5fc-253e07f04b83","port":"bottom2"},"target":{"cell":"8066cbb1-7d23-4a60-bbd5-4bcc879a9136","port":"top2"}},{"shape":"edge","attrs":{"line":{"stroke":"#000000","strokeDasharray":0}},"id":"477630ca-df84-4209-95c7-d04536d2a617","zIndex":9,"labels":["UNION"],"source":{"cell":"eca5d2d5-8047-4473-b33c-a5733cca781e","port":"right1"},"target":{"cell":"87c04296-2874-47e1-8056-e8a528a2ddbb","port":"left1"}},{"position":{"x":-357.3,"y":346},"size":{"width":218.4,"height":456},"attrs":{"body":{"stroke":"#000000","strokeDasharray":0},"rank":{"refY":0.019736842105263157,"text":"pa_cbt_stud_cpnt","wordSpacing":"-1px","letterSpacing":0},"name":{"refY":0.07017543859649122,"text":"rnum=1","letterSpacing":0},"show":{"refY":0.1206140350877193,"text":"stud_cpnt_id,\ncmpl_stat_id,\ncompl_dte,\nsource_file,\naicc_id,\ncreator,\nenvironment,\nis_active,\nhas_access,\nchild_count,\nforce_order,\nexpanded,\nneeds_review,\ninitial_date,\nlast_access,\ntotal_time,\ntotal_times,\ncomplete,\nNvl (finished, 'N'),\nnotes,\nis_online_only,\nhas_admin_modified,\ncreate_dte,\nis_review_mode,\noffline_accessible,\ncontent_zip_url,\nlast_download_date,\nsync_date,","letterSpacing":0}},"shape":"subquery-node","ports":{"groups":{"top":{"attrs":{"circle":{"r":4.6,"magnet":true,"stroke":"#1589FF","strokeWidth":1,"fill":"#fff"}},"position":"top"},"left":{"attrs":{"circle":{"r":4.6,"magnet":true,"stroke":"#1589FF","strokeWidth":1,"fill":"#fff"}},"position":"left"},"right":{"attrs":{"circle":{"r":4.6,"magnet":true,"stroke":"#1589FF","strokeWidth":1,"fill":"#fff"}},"position":"right"},"bottom":{"attrs":{"circle":{"r":4.6,"magnet":true,"stroke":"#1589FF","strokeWidth":1,"fill":"#fff"}},"position":"bottom"}},"items":[{"id":"top1","group":"top"},{"id":"top2","group":"top"},{"id":"top3","group":"top"},{"id":"bottom1","group":"bottom"},{"id":"bottom2","group":"bottom"},{"id":"bottom3","group":"bottom"},{"id":"left1","group":"left"},{"id":"right1","group":"right"}]},"id":"d8a5ffd8-3659-43f4-8ad2-86ef1968bb9c","zIndex":10,"parent":"d1be48c6-d705-4ddd-952a-a6610a78061e"},{"shape":"edge","attrs":{"line":{"stroke":"#000000","strokeDasharray":0}},"id":"921bb1a4-f909-459c-983e-d3d42a92b3d8","zIndex":11,"labels":["n\ncpnt_typ_id\ncpnt_id\nrev_dte\nstud_id"],"source":{"cell":"b14b193c-0e99-4bf5-beab-43a51a1b4ffd","port":"bottom2"},"target":{"cell":"d8a5ffd8-3659-43f4-8ad2-86ef1968bb9c","port":"top2"}},{"position":{"x":570,"y":495.9999999999982},"size":{"width":285.6,"height":890},"attrs":{"body":{"stroke":"#000000","strokeDasharray":0},"rank":{"refY":0.010112359550561797,"text":"pv_course","wordSpacing":"-1px","letterSpacing":0},"name":{"refY":0.035955056179775284,"letterSpacing":0},"show":{"refY":0.06179775280898876,"text":"rev_num,\nrtyp_id,\ndmn_id \ndel_mth_id,\ncpnt_src_id,\nnotactive  \ncpnt_title,\nsafety_rel,\ncreate_dte \nreviser,\napprvr,\napprvd,\napprvl_dte,\nmin_enrl,\nmax_enrl,\ncpnt_len,\nprep_len,\nles_plan,\ncontact,\ncredit_hrs,\ncpe_hrs,\ncontact_hrs,\nstud_mats,\ninst_mats,\ncpnt_desc,\ntgt_audnc,\ncomments\ngrade_opt,\nenrl_threshold_days,\nshipping_required,\nauto_fill_enrl,\nwaitlist_remdr_sent,\nauto_competency,\ncpnt_classification,\nchgbck_method,\ncatalog_sku,\nschedule_can_override_price,\nproduction_ready,\ncpnt_goals,\nself_record_lrngevt,\nsub_record_lrngevt,\ntap_def_id,\napproval_reqd,\ninit_period_type_id,\ninit_number,\ninit_basis_type_id,\nretrng_period_type_id,\nretrng_number,\nretrng_basis_type_id,\nrating,\nself_enrl,\nuser_req_enabled,\nuser_can_waitlist,\ncpnt_key,\nregister_online,\nesig_enabled,\nlst_upd_usr\nlst_upd_tstmp\ncost_currency_code,","letterSpacing":0}},"shape":"subquery-node","ports":{"groups":{"top":{"attrs":{"circle":{"r":4.6,"magnet":true,"stroke":"#1589FF","strokeWidth":1,"fill":"#fff"}},"position":"top"},"left":{"attrs":{"circle":{"r":4.6,"magnet":true,"stroke":"#1589FF","strokeWidth":1,"fill":"#fff"}},"position":"left"},"right":{"attrs":{"circle":{"r":4.6,"magnet":true,"stroke":"#1589FF","strokeWidth":1,"fill":"#fff"}},"position":"right"},"bottom":{"attrs":{"circle":{"r":4.6,"magnet":true,"stroke":"#1589FF","strokeWidth":1,"fill":"#fff"}},"position":"bottom"}},"items":[{"id":"top1","group":"top"},{"id":"top2","group":"top"},{"id":"top3","group":"top"},{"id":"bottom1","group":"bottom"},{"id":"bottom2","group":"bottom"},{"id":"bottom3","group":"bottom"},{"id":"left1","group":"left"},{"id":"right1","group":"right"}]},"id":"f017f8e7-f2c5-4516-b541-c831d9718510","zIndex":12,"parent":"06eab505-81b8-47b8-957f-6c070bb1b272"},{"position":{"x":976.2,"y":505.9999999999982},"size":{"width":453.6,"height":1128},"attrs":{"body":{"stroke":"#000000","strokeDasharray":0},"rank":{"refY":0.007978723404255319,"text":"pa_student","wordSpacing":"-1px","letterSpacing":0},"name":{"refY":0.028368794326241134,"letterSpacing":0},"show":{"refY":0.04875886524822695,"text":"stud_id,\nlname,\nfname,\nmi,\nemp_stat_id,\nemp_typ_id,\njl_id,\njp_id,\ntarget_jp_id,\njob_title,\ndmn_id,\norg_id,\nregion_id,\nco_id,\nDecode(notactive, 'Y', 'N',\n                    'N', 'Y') AS stud_notactive,\naddr,\ncity,\nstate,\npostal,\ncntry,\nsuper,\ncoach_stud_id,\nhire_dte,\nterm_dte,\nemail_addr,\nresume_locn,\ncomments,\nshipping_name,\nshipping_contact_name,\nshipping_addr,\nshipping_addr1,\nshipping_city,\nshipping_state,\nshipping_postal,\nshipping_cntry,\nshipping_phon_num,\nshipping_fax_num,\nshipping_email_addr,\nstud_pswd,\npin,\npin_date,\nencrypted,\nhas_access,\nbilling_name,\nbilling_contact_name,\nbilling_addr,\nbilling_addr1,\nbilling_city,\nbilling_state,\nbilling_postal,\nbilling_cntry,\nbilling_phon_num,\nbilling_fax_num,\nbilling_email_addr,\nself_registration,\nself_registration_date,\naccess_to_org_fin_act,\nnotify_dev_plan_item_add,\nnotify_dev_plan_item_mod,\nnotify_dev_plan_item_remove,\nnotify_when_sub_item_complete,\nnotify_when_sub_item_failure,\nLOCKED,\npassword_exp_date,\nsecurity_question,\nsecurity_answer,\nrole_id,\nimage_id,\ngender,\npast_service,\nlst_unlock_tstmp,\nlst_upd_usr,\nlst_upd_tstmp,\nmanage_sub_sp,\nmanage_own_sp,","letterSpacing":0}},"shape":"subquery-node","ports":{"groups":{"top":{"attrs":{"circle":{"r":4.6,"magnet":true,"stroke":"#1589FF","strokeWidth":1,"fill":"#fff"}},"position":"top"},"left":{"attrs":{"circle":{"r":4.6,"magnet":true,"stroke":"#1589FF","strokeWidth":1,"fill":"#fff"}},"position":"left"},"right":{"attrs":{"circle":{"r":4.6,"magnet":true,"stroke":"#1589FF","strokeWidth":1,"fill":"#fff"}},"position":"right"},"bottom":{"attrs":{"circle":{"r":4.6,"magnet":true,"stroke":"#1589FF","strokeWidth":1,"fill":"#fff"}},"position":"bottom"}},"items":[{"id":"top1","group":"top"},{"id":"top2","group":"top"},{"id":"top3","group":"top"},{"id":"bottom1","group":"bottom"},{"id":"bottom2","group":"bottom"},{"id":"bottom3","group":"bottom"},{"id":"left1","group":"left"},{"id":"right1","group":"right"}]},"id":"0c9db427-7c6b-4b87-a820-7b32a7b8e5e1","zIndex":13,"parent":"06eab505-81b8-47b8-957f-6c070bb1b272"},{"position":{"x":1580,"y":517.9999999999982},"size":{"width":310.8,"height":736},"attrs":{"body":{"stroke":"#000000","strokeDasharray":0},"rank":{"refY":0.012228260869565218,"text":"pa_cbt_stud_cpnt_mod","wordSpacing":"-1px","letterSpacing":0},"name":{"refY":0.043478260869565216,"letterSpacing":0},"show":{"refY":0.07472826086956522,"text":"stud_cpnt_id,\nnode_level,\nnode_no,\nexam_name,\napp_id,\ndeveloper_id,\nmodule_type,\nis_active,\naicc_id,\naicc_lesson_loc,\nparent_id,\nchild_count,\ncomplete_date,\ninitial_date,\nforce_order,\nexpanded,\nneeds_review,\nquestions_asked,\nquestions_correct,\nscore,\nmastery_score,\ncomments,\napp_cmd_opt,\nplay_all_scrns,\nexam_revw_enabled,\nexam_revw_prompt,\ncomplete_on_launch,\nhas_admin_modified,\nexit_component,\ntrigger_cpnt_pass,\ntrigger_cpnt_fail,\nfreeze_cpnt_objs_during_launch,\nfreezing_other_cpnt_objects,\ncmi_completion_status,\nsuccess_status,\nprogress_measure,\ncmi_entry,\nlesson_location,\nscore_raw,\nscore_min,\nscore_max,\nscore_scaled,\ncmi_exit,\nactivity_id,\noffline_accessible,\nexam_duration,\nexam_review_option,\naicc_data","letterSpacing":0}},"shape":"subquery-node","ports":{"groups":{"top":{"attrs":{"circle":{"r":4.6,"magnet":true,"stroke":"#1589FF","strokeWidth":1,"fill":"#fff"}},"position":"top"},"left":{"attrs":{"circle":{"r":4.6,"magnet":true,"stroke":"#1589FF","strokeWidth":1,"fill":"#fff"}},"position":"left"},"right":{"attrs":{"circle":{"r":4.6,"magnet":true,"stroke":"#1589FF","strokeWidth":1,"fill":"#fff"}},"position":"right"},"bottom":{"attrs":{"circle":{"r":4.6,"magnet":true,"stroke":"#1589FF","strokeWidth":1,"fill":"#fff"}},"position":"bottom"}},"items":[{"id":"top1","group":"top"},{"id":"top2","group":"top"},{"id":"top3","group":"top"},{"id":"bottom1","group":"bottom"},{"id":"bottom2","group":"bottom"},{"id":"bottom3","group":"bottom"},{"id":"left1","group":"left"},{"id":"right1","group":"right"}]},"id":"e5fc6176-2ba9-4954-817b-6320d6e99e0c","zIndex":16,"parent":"06eab505-81b8-47b8-957f-6c070bb1b272"},{"position":{"x":1128,"y":202},"size":{"width":150,"height":78},"attrs":{"body":{"stroke":"#000000","strokeDasharray":0},"rank":{"refY":0.11538461538461539,"text":"Ref Table","wordSpacing":"-1px","letterSpacing":0},"name":{"refY":0.41025641025641024,"text":"rnum=1","letterSpacing":0},"show":{"refY":0.7051282051282052,"letterSpacing":0}},"shape":"subquery-node","ports":{"groups":{"top":{"attrs":{"circle":{"r":4.6,"magnet":true,"stroke":"#1589FF","strokeWidth":1,"fill":"#fff"}},"position":"top"},"left":{"attrs":{"circle":{"r":4.6,"magnet":true,"stroke":"#1589FF","strokeWidth":1,"fill":"#fff"}},"position":"left"},"right":{"attrs":{"circle":{"r":4.6,"magnet":true,"stroke":"#1589FF","strokeWidth":1,"fill":"#fff"}},"position":"right"},"bottom":{"attrs":{"circle":{"r":4.6,"magnet":true,"stroke":"#1589FF","strokeWidth":1,"fill":"#fff"}},"position":"bottom"}},"items":[{"id":"top1","group":"top"},{"id":"top2","group":"top"},{"id":"top3","group":"top"},{"id":"bottom1","group":"bottom"},{"id":"bottom2","group":"bottom"},{"id":"bottom3","group":"bottom"},{"id":"left1","group":"left"},{"id":"right1","group":"right"}]},"id":"31f1482d-ecbc-40e0-86b6-62ae8395bfe9","zIndex":19,"parent":"8fdfa1c6-bd1b-44c0-b4b4-d6427b8d38ad"},{"shape":"edge","attrs":{"line":{"stroke":"#000000","strokeDasharray":0}},"id":"a73df063-6465-49c7-8b97-4f23cd237721","zIndex":20,"labels":["ref"],"source":{"cell":"d1be48c6-d705-4ddd-952a-a6610a78061e","port":"right1"},"target":{"cell":"31f1482d-ecbc-40e0-86b6-62ae8395bfe9","port":"left1"}},{"shape":"edge","attrs":{"line":{"stroke":"#000000","strokeDasharray":0}},"id":"385fc751-4f79-4611-8f77-33f2b32d0ce2","zIndex":21,"labels":["n\nstud_cpnt_id"],"source":{"cell":"8fdfa1c6-bd1b-44c0-b4b4-d6427b8d38ad","port":"bottom3"},"target":{"cell":"e5fc6176-2ba9-4954-817b-6320d6e99e0c","port":"top2"}},{"shape":"edge","attrs":{"line":{"stroke":"#000000","strokeDasharray":0}},"id":"170971fe-0b63-4c62-b7c5-c71b3baca220","zIndex":22,"labels":["1\nstud_id"],"source":{"cell":"8fdfa1c6-bd1b-44c0-b4b4-d6427b8d38ad","port":"bottom2"},"target":{"cell":"0c9db427-7c6b-4b87-a820-7b32a7b8e5e1","port":"top2"}},{"shape":"edge","attrs":{"line":{"stroke":"#000000","strokeDasharray":0}},"id":"f7e7e47c-3144-4457-a502-69f5ddfe7de8","zIndex":23,"labels":["1\ncpnt_typ_id\ncpnt_id\nrev_dte"],"source":{"cell":"8fdfa1c6-bd1b-44c0-b4b4-d6427b8d38ad","port":"bottom1"},"target":{"cell":"f017f8e7-f2c5-4516-b541-c831d9718510","port":"top2"}}]}